delete from academicYears;
delete from classrooms;
delete from departments;
delete from courseAttendances;
delete from examinations;
delete from examinationPeriods;
delete from courses;
delete from supervisions;
delete from supervisionRules;
delete from supervisors;
delete from examinations_classrooms;

insert into academicYears (id, name, isActive, previousYear_id) values (1001, '2021-2022', false, null);
insert into academicYears (id, name, isActive, previousYear_id) values (1002, '2022-2023', false, 1001);
insert into academicYears (id, name, isActive, previousYear_id) values (1003, '2023-2024', true, 1002);

insert into classrooms (id, name, building, floor, general_capacity, exam_capacity, covid_capacity, max_num_supervisors) values (2001, 'A', 'Central', 1, 360, 103, 70, 2);
insert into classrooms (id, name, building, floor, general_capacity, exam_capacity, covid_capacity, max_num_supervisors) values (2002, 'B', 'Central', 5, 198, 57, 25, 1);
insert into classrooms (id, name, building, floor, general_capacity, exam_capacity, covid_capacity, max_num_supervisors) values (2003, 'C', 'Central', 2, 192, 55, 30, 1);
insert into classrooms (id, name, building, floor, general_capacity, exam_capacity, covid_capacity, max_num_supervisors) values (2004, 'X', 'Central', 3, 270, 77, 20, 2);
insert into classrooms (id, name, building, floor, general_capacity, exam_capacity, covid_capacity, max_num_supervisors) values (2005, 'D', 'Central', 1, 192, 55, 70, 2);
insert into classrooms (id, name, building, floor, general_capacity, exam_capacity, covid_capacity, max_num_supervisors) values (2006, 'Amf. Derigny', 'Central', 5, 210, 60, 25, 2);
insert into classrooms (id, name, building, floor, general_capacity, exam_capacity, covid_capacity, max_num_supervisors) values (2007, 'Y1', 'Central', 2, 130, 37, 30, 1);
insert into classrooms (id, name, building, floor, general_capacity, exam_capacity, covid_capacity, max_num_supervisors) values (2008, 'Y3', 'Third', 3, 130, 37, 20, 1);
insert into classrooms (id, name, building, floor, general_capacity, exam_capacity, covid_capacity, max_num_supervisors) values (2009, 'D12', 'Central', 1, 188, 54, 70, 1);
insert into classrooms (id, name, building, floor, general_capacity, exam_capacity, covid_capacity, max_num_supervisors) values (2010, 'D102', 'Central', 5, 95, 27, 25, 0);
insert into classrooms (id, name, building, floor, general_capacity, exam_capacity, covid_capacity, max_num_supervisors) values (2011, 'D24', 'Central', 2, 178, 51, 30, 2);
insert into classrooms (id, name, building, floor, general_capacity, exam_capacity, covid_capacity, max_num_supervisors) values (2012, 'D23', 'Central', 3, 168, 48, 20, 1);
insert into classrooms (id, name, building, floor, general_capacity, exam_capacity, covid_capacity, max_num_supervisors) values (2013, 'D22', 'Central', 1, 143, 41, 70, 1);
insert into classrooms (id, name, building, floor, general_capacity, exam_capacity, covid_capacity, max_num_supervisors) values (2014, 'A21', 'Central', 5, 168, 48, 25, 2);
insert into classrooms (id, name, building, floor, general_capacity, exam_capacity, covid_capacity, max_num_supervisors) values (2015, 'A22', 'Central', 2, 102, 29, 30, 1);
insert into classrooms (id, name, building, floor, general_capacity, exam_capacity, covid_capacity, max_num_supervisors) values (2016, 'A23', 'Central', 3, 128, 37, 20, 2);
insert into classrooms (id, name, building, floor, general_capacity, exam_capacity, covid_capacity, max_num_supervisors) values (2017, 'A24', 'Central', 1, 155, 43, 70, 1);
insert into classrooms (id, name, building, floor, general_capacity, exam_capacity, covid_capacity, max_num_supervisors) values (2018, 'A25', 'Central', 5, 138, 39, 25, 1);
insert into classrooms (id, name, building, floor, general_capacity, exam_capacity, covid_capacity, max_num_supervisors) values (2019, 'A31', 'Central', 2, 189, 54, 30, 2);
insert into classrooms (id, name, building, floor, general_capacity, exam_capacity, covid_capacity, max_num_supervisors) values (2020, 'A32', 'Central', 3, 96, 27, 20, 1);
insert into classrooms (id, name, building, floor, general_capacity, exam_capacity, covid_capacity, max_num_supervisors) values (2021, 'A44', 'Central', 1, 62, 18, 70, 1);
insert into classrooms (id, name, building, floor, general_capacity, exam_capacity, covid_capacity, max_num_supervisors) values (2022, 'A47', 'Central', 5, 62, 18, 25, 1);
insert into classrooms (id, name, building, floor, general_capacity, exam_capacity, covid_capacity, max_num_supervisors) values (2023, 'A48', 'Central', 2, 112, 32, 30, 2);

insert into departments (id, name) values (3001, 'CS');
insert into departments (id, name) values (3002, 'ME');
insert into departments (id, name) values (3003, 'LOHRI');
insert into departments (id, name) values (3004, 'ODE');
insert into departments (id, name) values (3005, 'STATISTICS');
insert into departments (id, name) values (3006, 'DET');
insert into departments (id, name) values (3007, 'OIK');
insert into departments (id, name) values (3008, 'DEOS');

insert into courses (id, title, course_code, department_id) values(4001, 'Analisi kai Sxediasi Plir. Systimaton', '3541', 3001);
insert into courses (id, title, course_code, department_id) values(4002, 'Efarmosmenes Pithanotites', '3614', 3001);
insert into courses (id, title, course_code, department_id) values(4003, 'Psyxologia', '5721', 3002);
insert into courses (id, title, course_code, department_id) values(4004, 'Eisagogi stin Didaktiki', '3076', 3001);
insert into courses (id, title, course_code, department_id) values(4005, 'Programmatismos sti C++', '3321', 3001);
insert into courses (id, title, course_code, department_id) values(4006, 'Logiki', '3515', 3001);
insert into courses (id, title, course_code, department_id) values(4007, 'Mixaniki Mathisi', '3745', 3001);
insert into courses (id, title, course_code, department_id) values(4008, 'Eisagwgi stin Oikonomiki Epistimi', '3151', 3001);
insert into courses (id, title, course_code, department_id) values(4009, 'Praktiki Didaskalias', '3070', 3001);
insert into courses (id, title, course_code, department_id) values(4010, 'Texnologia Polymeson', '3882', 3001);
insert into courses (id, title, course_code, department_id) values(4011, 'Statistiki stin Pliroforiki', '3155', 3001);
insert into courses (id, title, course_code, department_id) values(4012, 'Texniti Noimosini', '3531', 3001);
insert into courses (id, title, course_code, department_id) values(4013, 'Asyrmata Diktya', '3771', 3001);
insert into courses (id, title, course_code, department_id) values(4014, 'Marketing Lianikou Xondrikou', '5657', 3002);
insert into courses (id, title, course_code, department_id) values(4015, 'Xronologikes Seires', '3715', 3001);
insert into courses (id, title, course_code, department_id) values(4016, 'Organosi Dioikisi Ekpaideusis', '3075', 3001);
insert into courses (id, title, course_code, department_id) values(4017, 'Eisagwgi ston Programmatismo', '3125', 3001);
insert into courses (id, title, course_code, department_id) values(4018, 'Oikonomika Diktyon', '3818', 3001);
insert into courses (id, title, course_code, department_id) values(4019, 'Diakrita', '3117', 3001);
insert into courses (id, title, course_code, department_id) values(4020, 'Ekpaideutiki Aksiologisi', '3078', 3001);
insert into courses (id, title, course_code, department_id) values(4021, 'Asfaleia Diktyon', '3761', 3001);
insert into courses (id, title, course_code, department_id) values(4022, 'Aggliki Glossa', '3939', 3001);
insert into courses (id, title, course_code, department_id) values(4023, 'Ypologistika Mathimatika', '3230', 3001);
insert into courses (id, title, course_code, department_id) values(4024, 'Logistika Pliroforiaka Systimata', '7116', 3001);
insert into courses (id, title, course_code, department_id) values(4025, 'Texnologies kai Programmatismos Istou', '3747', 3001);
insert into courses (id, title, course_code, department_id) values(4026, 'Mathimatika 1', '3119', 3001);
insert into courses (id, title, course_code, department_id) values(4027, 'Grafika Ypologistwn', '3781', 3001);
insert into courses (id, title, course_code, department_id) values(4028, 'Syndiastiki Veltistopoiisi', '8143', 3001);
insert into courses (id, title, course_code, department_id) values(4029, 'Diktya Epikoinwniwn', '3571', 3001);
insert into courses (id, title, course_code, department_id) values(4030, 'Eisagwgi stin Paidagwgiki', '3074', 3003);


insert into examinationPeriods (id, start_date, period, academicYear_id) values (5001, '2023-01-01', 'WINTER', 1002);
insert into examinationPeriods (id, start_date, period, academicYear_id) values (5002, '2023-06-10', 'SPRING', 1002);
insert into examinationPeriods (id, start_date, period, academicYear_id) values (5003, '2023-09-03', 'SEPTEMBER', 1002);
insert into examinationPeriods (id, start_date, period, academicYear_id) values (5004, '2024-02-01', 'WINTER', 1003);

insert into supervisionRules (id, num_of_supervisions, supervisor_category, department_id, examinationPeriod_id) values (6001, 6, 'EDIP', 3001, 5004);
insert into supervisionRules (id, num_of_supervisions, supervisor_category, department_id, examinationPeriod_id) values (6002, 4, 'ETEP', 3001, 5004);
insert into supervisionRules (id, num_of_supervisions, supervisor_category, department_id, examinationPeriod_id) values (6003, 6, 'PHD', 3001, 5004);
insert into supervisionRules (id, num_of_supervisions, supervisor_category, department_id, examinationPeriod_id) values (6004, 4, 'DISPATCHED', 3001, 5004);
insert into supervisionRules (id, num_of_supervisions, supervisor_category, department_id, examinationPeriod_id) values (6005, 6, 'EXTERNAL', 3001, 5004);
insert into supervisionRules (id, num_of_supervisions, supervisor_category, department_id, examinationPeriod_id) values (6006, 4, 'EDIP', 3002, 5004);
insert into supervisionRules (id, num_of_supervisions, supervisor_category, department_id, examinationPeriod_id) values (6007, 3, 'ETEP', 3002, 5004);
insert into supervisionRules (id, num_of_supervisions, supervisor_category, department_id, examinationPeriod_id) values (6008, 5, 'PHD', 3002, 5004);
insert into supervisionRules (id, num_of_supervisions, supervisor_category, department_id, examinationPeriod_id) values (6009, 2, 'DISPATCHED', 3002, 5004);
insert into supervisionRules (id, num_of_supervisions, supervisor_category, department_id, examinationPeriod_id) values (6010, 3, 'EXTERNAL', 3002, 5004);

insert into supervisors (id, name, surname, supervisor, telephone, email, supervisor_category, department_id) values (7001, 'ATHANASIOS', null, null, null, 'athanasios.random1@example.com', 'EDIP', 3001);
insert into supervisors (id, name, surname, supervisor, telephone, email, supervisor_category, department_id) values (7002, 'VASILIS', null, null, null, 'vasilis.random2@example.com', 'EDIP', 3002);
insert into supervisors (id, name, surname, supervisor, telephone, email, supervisor_category, department_id) values (7003, 'CHRISTOS', null, null, null, 'christos.random3@example.com', 'EDIP', 3001);
insert into supervisors (id, name, surname, supervisor, telephone, email, supervisor_category, department_id) values (7004, 'MAKIS', null, null, null, 'makis.random4@example.com', 'EDIP', 3002);
insert into supervisors (id, name, surname, supervisor, telephone, email, supervisor_category, department_id) values (7005, 'ANNA', null, null, null, 'anna.random5@example.com', 'EDIP', 3001);
insert into supervisors (id, name, surname, supervisor, telephone, email, supervisor_category, department_id) values (7006, 'ANTONIA', null, null, null, 'antonia.random6@example.com', 'EDIP', 3002);
insert into supervisors (id, name, surname, supervisor, telephone, email, supervisor_category, department_id) values (7007, 'VASILIKI', null, null, null, 'vasiliki.random7@example.com', 'EDIP', 3001);
insert into supervisors (id, name, surname, supervisor, telephone, email, supervisor_category, department_id) values (7008, 'AIKATERINI', null, null, null, 'aikaterini.random8@example.com', 'EDIP', 3002);
insert into supervisors (id, name, surname, supervisor, telephone, email, supervisor_category, department_id) values (7009, 'SPILIOS', null, null, null, 'spilios.random9@example.com', 'EDIP', 3001);
insert into supervisors (id, name, surname, supervisor, telephone, email, supervisor_category, department_id) values (7010, 'MARIA', null, null, null, 'maria.random10@example.com', 'EDIP', 3002);
insert into supervisors (id, name, surname, supervisor, telephone, email, supervisor_category, department_id) values (7011, 'GEORGIOS', null, null, null, 'georgios.random11@example.com', 'EXTERNAL', 3001);
insert into supervisors (id, name, surname, supervisor, telephone, email, supervisor_category, department_id) values (7012, 'AGGELIKI', null, null, null, 'aggeliki.random12@example.com', 'EXTERNAL', 3002);
insert into supervisors (id, name, surname, supervisor, telephone, email, supervisor_category, department_id) values (7013, 'PANAGIOTA', null, null, null, 'panagiota.random13@example.com', 'EXTERNAL', 3001);
insert into supervisors (id, name, surname, supervisor, telephone, email, supervisor_category, department_id) values (7014, 'TRYFONAS', null, null, null, 'tryfonas.random14@example.com', 'EXTERNAL', 3002);
insert into supervisors (id, name, surname, supervisor, telephone, email, supervisor_category, department_id) values (7015, 'PANAGIOTIS', null, null, null, 'panagiotis.random15@example.com', 'ETEP', 3001);
insert into supervisors (id, name, surname, supervisor, telephone, email, supervisor_category, department_id) values (7016, 'MARIA', null, null, null, 'maria.random16@example.com', 'ETEP', 3002);
insert into supervisors (id, name, surname, supervisor, telephone, email, supervisor_category, department_id) values (7017, 'GIANNIS', null, null, null, 'giannis.random17@example.com', 'ETEP', 3001);
insert into supervisors (id, name, surname, supervisor, telephone, email, supervisor_category, department_id) values (7018, 'AGGELIKI', null, null, null, 'aggeliki.random18@example.com', 'PHD', 3001);
insert into supervisors (id, name, surname, supervisor, telephone, email, supervisor_category, department_id) values (7019, 'EYSTRATIOS', null, null, null, 'eystratios.random19@example.com', 'PHD', 3002);
insert into supervisors (id, name, surname, supervisor, telephone, email, supervisor_category, department_id) values (7020, 'MARIA', null, null, null, 'maria.random20@example.com', 'PHD', 3001);
insert into supervisors (id, name, surname, supervisor, telephone, email, supervisor_category, department_id) values (7021, 'NIKOLAOS', null, null, null, 'nikolaos.random21@example.com', 'PHD', 3002);
insert into supervisors (id, name, surname, supervisor, telephone, email, supervisor_category, department_id) values (7022, 'PANAGIOTIS', null, null, null, 'panagiotis.random22@example.com', 'PHD', 3001);
insert into supervisors (id, name, surname, supervisor, telephone, email, supervisor_category, department_id) values (7023, 'DIONYSIOS', null, null, null, 'dionysios.random23@example.com', 'PHD', 3002);
insert into supervisors (id, name, surname, supervisor, telephone, email, supervisor_category, department_id) values (7024, 'PANAGIOTIS', null, null, null, 'panagiotis.random24@example.com', 'PHD', 3001);
insert into supervisors (id, name, surname, supervisor, telephone, email, supervisor_category, department_id) values (7025, 'ELEFTHERIOS', null, null, null, 'eleftherios.random25@example.com', 'PHD', 3002);
insert into supervisors (id, name, surname, supervisor, telephone, email, supervisor_category, department_id) values (7026, 'IORDANIS', null, null, null, 'iordanis.random26@example.com', 'PHD', 3001);
insert into supervisors (id, name, surname, supervisor, telephone, email, supervisor_category, department_id) values (7027, 'GEORGIOS', null, null, null, 'georgios.random27@example.com', 'PHD', 3002);
insert into supervisors (id, name, surname, supervisor, telephone, email, supervisor_category, department_id) values (7028, 'IOANNIS', null, null, null, 'ioannis.random28@example.com', 'PHD', 3001);
insert into supervisors (id, name, surname, supervisor, telephone, email, supervisor_category, department_id) values (7029, 'CHRISTOS', null, null, null, 'christos.random29@example.com', 'PHD', 3002);
insert into supervisors (id, name, surname, supervisor, telephone, email, supervisor_category, department_id) values (7030, 'KONSTANTINOS', null, null, null, 'konstantinos.random30@example.com', 'PHD', 3001);
insert into supervisors (id, name, surname, supervisor, telephone, email, supervisor_category, department_id) values (7031, 'DIMITRIS', null, null, null, 'dimitris.random31@example.com', 'PHD', 3002);
insert into supervisors (id, name, surname, supervisor, telephone, email, supervisor_category, department_id) values (7032, 'XENOFON', null, null, null, 'xenofon.random32@example.com', 'PHD', 3001);
insert into supervisors (id, name, surname, supervisor, telephone, email, supervisor_category, department_id) values (7033, 'EVANGELOS', null, null, null, 'evangelos.random33@example.com', 'PHD', 3002);
insert into supervisors (id, name, surname, supervisor, telephone, email, supervisor_category, department_id) values (7034, 'IOANNIS', null, null, null, 'ioannis.random34@example.com', 'PHD', 3001);
insert into supervisors (id, name, surname, supervisor, telephone, email, supervisor_category, department_id) values (7035, 'VASILEIOS', null, null, null, 'vasileios.random35@example.com', 'PHD', 3002);
insert into supervisors (id, name, surname, supervisor, telephone, email, supervisor_category, department_id) values (7036, 'EYSTATHIOS', null, null, null, 'eystathios.random36@example.com', 'PHD', 3001);
insert into supervisors (id, name, surname, supervisor, telephone, email, supervisor_category, department_id) values (7037, 'ELENI', null, null, null, 'eleni.random37@example.com', 'PHD', 3002);
insert into supervisors (id, name, surname, supervisor, telephone, email, supervisor_category, department_id) values (7038, 'NIKOLAOS', null, null, null, 'nikolaos.random38@example.com', 'PHD', 3001);
insert into supervisors (id, name, surname, supervisor, telephone, email, supervisor_category, department_id) values (7039, 'SOTIRIS', null, null, null, 'sotiris.random39@example.com', 'PHD', 3002);
insert into supervisors (id, name, surname, supervisor, telephone, email, supervisor_category, department_id) values (7040, 'GEORGIOS', null, null, null, 'georgios.random40@example.com', 'PHD', 3001);
insert into supervisors (id, name, surname, supervisor, telephone, email, supervisor_category, department_id) values (7041, 'STAMATIOS', null, null, null, 'stamatios.random41@example.com', 'PHD', 3002);
insert into supervisors (id, name, surname, supervisor, telephone, email, supervisor_category, department_id) values (7042, 'AIKATERINI', null, null, null, 'aikaterini.random42@example.com', 'PHD', 3001);
insert into supervisors (id, name, surname, supervisor, telephone, email, supervisor_category, department_id) values (7043, 'ANDREAS', null, null, null, 'andreas.random43@example.com', 'PHD', 3002);
insert into supervisors (id, name, surname, supervisor, telephone, email, supervisor_category, department_id) values (7044, 'DIMITRIOS', null, null, null, 'dimitrios.random44@example.com', 'PHD', 3001);
insert into supervisors (id, name, surname, supervisor, telephone, email, supervisor_category, department_id) values (7045, 'IOANNIS', null, null, null, 'ioannis.random45@example.com', 'PHD', 3002);
insert into supervisors (id, name, surname, supervisor, telephone, email, supervisor_category, department_id) values (7046, 'GEORGIOS', null, null, null, 'georgios.random46@example.com', 'PHD', 3001);
insert into supervisors (id, name, surname, supervisor, telephone, email, supervisor_category, department_id) values (7047, 'ARISTOTELES', null, null, null, 'aristoteles.random47@example.com', 'PHD', 3002);
insert into supervisors (id, name, surname, supervisor, telephone, email, supervisor_category, department_id) values (7048, 'IAKOVOS', null, null, null, 'iakovos.random48@example.com', 'PHD', 3001);
insert into supervisors (id, name, surname, supervisor, telephone, email, supervisor_category, department_id) values (7049, 'MELINA', null, null, null, 'melina.random49@example.com', 'PHD', 3002);
insert into supervisors (id, name, surname, supervisor, telephone, email, supervisor_category, department_id) values (7050, 'PANAGIOTIS', null, null, null, 'panagiotis.random50@example.com', 'PHD', 3001);
insert into supervisors (id, name, surname, supervisor, telephone, email, supervisor_category, department_id) values (7051, 'IOANNIS', null, null, null, 'ioannis.random51@example.com', 'PHD', 3002);
insert into supervisors (id, name, surname, supervisor, telephone, email, supervisor_category, department_id) values (7052, 'DIMITRIS', null, null, null, 'dimitris.random52@example.com', 'PHD', 3001);
insert into supervisors (id, name, surname, supervisor, telephone, email, supervisor_category, department_id) values (7053, 'PANAGIOTIS', null, null, null, 'panagiotis.random53@example.com', 'PHD', 3002);
insert into supervisors (id, name, surname, supervisor, telephone, email, supervisor_category, department_id) values (7054, 'ARTEM', null, null, null, 'artem.random54@example.com', 'PHD', 3001);
insert into supervisors (id, name, surname, supervisor, telephone, email, supervisor_category, department_id) values (7055, 'MICHAIL', null, null, null, 'michail.random55@example.com', 'PHD', 3002);
insert into supervisors (id, name, surname, supervisor, telephone, email, supervisor_category, department_id) values (7056, 'KONSTANTINOS', null, null, null, 'konstantinos.random56@example.com', 'PHD', 3001);
insert into supervisors (id, name, surname, supervisor, telephone, email, supervisor_category, department_id) values (7057, 'LEONIDAS', null, null, null, 'leonidas.random57@example.com', 'PHD', 3002);
insert into supervisors (id, name, surname, supervisor, telephone, email, supervisor_category, department_id) values (7058, 'IOANNA', null, null, null, 'ioanna.random58@example.com', 'PHD', 3001);
insert into supervisors (id, name, surname, supervisor, telephone, email, supervisor_category, department_id) values (7059, 'SPIROS', null, null, null, 'spiros.random59@example.com', 'PHD', 3002);
insert into supervisors (id, name, surname, supervisor, telephone, email, supervisor_category, department_id) values (7060, 'LIVIA', null, null, null, 'livia.random60@example.com', 'PHD', 3001);
insert into supervisors (id, name, surname, supervisor, telephone, email, supervisor_category, department_id) values (7061, 'THEODOSIS', null, null, null, 'theodosis.random61@example.com', 'DISPATCHED', 3001);
